product_id,url,name,brand,sku,category,category_path,price,currency,pack_size,availability,description,specifications,image_urls,variants,alternative_products,extraction_method,missing_fields,scraped_at
64e4b1f89735d130,https://www.safcodental.com/product/ocean-pacific-sup-reg-sup-neonatural-sup-trade-sup,Ocean Pacific NeoNatural,Medicom,DRDAS,Dental Exam Gloves,"[""Dental Exam Gloves"", ""Chloroprene gloves""]",23.49,USD,100 gloves per box,in_stock,"Powder-free chloroprene examination gloves.
Polychlorprene exam gloves combine the softness of latex with the strength of nitrile for reliable protection without sacrificing comfort or dexterity.

Textured fingertip finish
Beaded cuff
Ambidextrous
Emerald green color
Thickness: at palm 3.1 mils; at fingertip 4 mils
100 gloves per box
Order 10 boxes to purchase a case",{},"[""https://www.safcodental.com/media/catalog/product/d/r/drdas.jpg?width=265&height=265&canvas=265,265&optimize=medium&fit=bounds""]",[],[],rules,[],2026-07-01T07:48:49.819668Z
4a7427817674f6d5,https://www.safcodental.com/product/microflex-sup-reg-sup-neogard-trade-touch,Microflex Neogard Touch,Ansell,DRDAR,Dental Exam Gloves,"[""Dental Exam Gloves"", ""Chloroprene gloves""]",37.99,USD,200 gloves per box,in_stock,"Powder-free chloroprene exam gloves.
Thin, ultralight, neoprene exam glove designed for heightened tactile sensitivity. US Ergonomics certified for exceptional wet grip.
Features ERGOFORM&trade; technology to reduce stress on joints, ligaments, and tendons in the hands and wrists.

Textured fingertip finish
Beaded cuff
Ambidextrous
Green color
Thickness: at palm 2.8 mils; at fingertip 3.5 mils
200 gloves per box (180 per box in size XL)
Order 10 boxes to purchase a case",{},"[""https://www.safcodental.com/media/catalog/product/d/r/drdar.jpg?width=265&height=265&canvas=265,265&optimize=medium&fit=bounds""]",[],[],rules,[],2026-07-01T07:48:51.819158Z
5afcd4faa961740c,https://www.safcodental.com/product/true-comfort-reg-blu,True Comfort Blu,Dash,DRDAQ,Dental Exam Gloves,"[""Dental Exam Gloves"", ""Chloroprene gloves""]",18.99,USD,,in_stock,"Powder-free, latex-free, chloroprene examination gloves.
Unrivaled wet grip, increased touch sensitivity, and silky smooth comfort. Chemotherapty drug rated.

Textured fingertip finish
Beaded cuff
Ambidextrous
Ocean blue color
Thickness: at palm 2.4 mils; at fingertip 3.1 mils
To purchase a full case, please order as qty of 10 boxes",{},"[""https://www.safcodental.com/media/catalog/product/d/r/drdaq.jpg?width=265&height=265&canvas=265,265&optimize=medium&fit=bounds""]",[],[],rules,[],2026-07-01T07:48:53.819606Z
60f4bd5e1145204e,https://www.safcodental.com/product/safco-ez-green-chloroprene,Safco EZ Green Chloroprene,Safco,DRDAP,Dental Exam Gloves,"[""Dental Exam Gloves"", ""Chloroprene gloves""]",17.99,USD,200 gloves per box,in_stock,"Powder-free chloroprene examination gloves.
Similar feel and elasticity to that of latex without the risk of allergic reation to latex proteins. Provides supreme tactile sensitivity.

Textured fingertip finish
Beaded cuff
Ambidextreous
Green color
Thickness: at palm 3.0 mils; at fingertips 3.5 mils
200 gloves per box
Order 10 boxes to purchase a case

&nbsp;",{},"[""https://www.safcodental.com/media/catalog/product/d/r/drdap.jpg?width=265&height=265&canvas=265,265&optimize=medium&fit=bounds""]",[],[],rules,[],2026-07-01T07:48:57.502235Z
88460543357e636b,https://www.safcodental.com/product/microflex-sup-reg-sup-neosoft-trade,Microflex NeoSoft,Ansell,DRDAN,Dental Exam Gloves,"[""Dental Exam Gloves"", ""Chloroprene gloves""]",18.49,USD,100 gloves per box,in_stock,"Powder-free chloroprene examination gloves.
Features HYDRASOFT&trade; technology that provides 2x more moisture retention.

Textured fingertip finish
Beaded cuff
Ambidextrous
Chloroprene (neoprene)
Green color
Polymer coated for easy donning
Thickness: at palm 2.8&nbsp; mils; at fingertip 3.5 mils
100 gloves per box
Order 10 boxes&nbsp;to purchase a case",{},"[""https://www.safcodental.com/media/catalog/product/d/r/drdan.jpg?width=265&height=265&canvas=265,265&optimize=medium&fit=bounds""]",[],[],rules,[],2026-07-01T07:48:59.294749Z
87091b88b8d0cad2,https://www.safcodental.com/product/aquaprene-reg,AquaPrene,Cranberry,DRDAL,Dental Exam Gloves,"[""Dental Exam Gloves"", ""Chloroprene gloves""]",33.99,USD,200 gloves per box,in_stock,"Powder-free&nbsp;chloroprene&nbsp;examination gloves.
Combines the comfort of latex and the strength of nitrile.

Textured fingertip finish
Beaded cuff
Ambidextrous
Aqua blue color
Thickness: at palm 2.8 mils; at fingertip3.5 mils; &plusmn;0.8
200 gloves per box
Order 10 boxes&nbsp;to purchase a case",{},"[""https://www.safcodental.com/media/catalog/product/d/r/drdal_2.jpg?width=265&height=265&canvas=265,265&optimize=medium&fit=bounds""]",[],[],rules,[],2026-07-01T07:49:01.489177Z
97643d3bf9daaf4c,https://www.safcodental.com/product/flexaprene-green,Flexaprene Green,Halyard,DRDAI,Dental Exam Gloves,"[""Dental Exam Gloves"", ""Chloroprene gloves""]",28.59,USD,200 gloves per box,in_stock,"Powder-free chloroprene examination gloves.

Fingertip textured
Beaded cuff
Ambidextrous
Chloroprene (Neoprene)
Green color
Polymer coated for easy donning
Thickness: at palm 3.0 mils; at fingertip 3.5 mils
200 gloves per box&nbsp;
Order 10 boxes&nbsp;to purchase a case",{},"[""https://www.safcodental.com/media/catalog/product/d/r/drdai.jpg?width=265&height=265&canvas=265,265&optimize=medium&fit=bounds""]",[],[],rules,[],2026-07-01T07:49:03.072912Z
102b50ec8efb721e,https://www.safcodental.com/product/beesure-reg-neogrene-trade,BeeSure NeoGrene,EcoBee,DRDAH,Dental Exam Gloves,"[""Dental Exam Gloves"", ""Chloroprene gloves""]",31.79,USD,200 gloves per box,in_stock,"Powder-free&nbsp;chloroprene&nbsp;examination gloves.

Textured fingertip finish
Beaded cuff
Ambidextrous
Green color
Polymer coated for easy donning
Thickness: at palm 3.2 mils; at fingertip 3.4 mils; &plusmn;0.2
200 gloves per box
Order 10 boxes&nbsp;to purchase a case",{},"[""https://www.safcodental.com/media/catalog/product/d/r/drdah.jpg?width=265&height=265&canvas=265,265&optimize=medium&fit=bounds""]",[],[],rules,[],2026-07-01T07:49:05.273894Z
4decb6486fed12be,https://www.safcodental.com/product/micro-touch-sup-reg-sup-affinity-sup-reg-sup,Micro-Touch Affinity,Ansell,DRDAG,Dental Exam Gloves,"[""Dental Exam Gloves"", ""Chloroprene gloves""]",32.99,USD,100 gloves per box,in_stock,"Powder-free Neoprene&nbsp;(polychloroprene)&nbsp;exam gloves.

Textured fingertips finish&nbsp;
Beaded cuff&nbsp;
Ambidextrous
Neoprene&nbsp;
Green color
Polymer coated for easy donning&nbsp;
Thickness: at palm 5.1 mils; at fingertip 6.3 mils&nbsp;
100 gloves per box
Order 10 boxes&nbsp;to purchase a case",{},"[""https://www.safcodental.com/media/catalog/product/d/r/drdag.jpg?width=265&height=265&canvas=265,265&optimize=medium&fit=bounds""]",[],[],rules,[],2026-07-01T07:49:07.088088Z
8a873b3f84430bb2,https://www.safcodental.com/product/microflex-sup-reg-sup-neogard-sup-reg-sup,Neogard,Ansell,DRDAF,Dental Exam Gloves,"[""Dental Exam Gloves"", ""Chloroprene gloves""]",32.99,USD,100 gloves per box,in_stock,"Powder-free&nbsp;chloroprene&nbsp;exam gloves.
Exceptional tactile&nbsp;sensitivity. Excellent wet and dry grip. Stretchy soft comfort.

Textured fingertip finish
Beaded cuff
Ambidextrous
Chloroprene
Polymer coated for easy donning
Green color
Thickness: at palm 3.9 mils; at fingertip 5.1 mils
100 gloves per box
Order 10 boxes&nbsp;to purchase a case",{},"[""https://www.safcodental.com/media/catalog/product/d/r/drdaf.jpg?width=265&height=265&canvas=265,265&optimize=medium&fit=bounds""]",[],[],rules,[],2026-07-01T07:49:09.078590Z
fdeee98b791c603d,https://www.safcodental.com/product/nuvo-trade-drdae,Nuvo&trade;,Safco Dental,DRDAE,Dental Exam Gloves,"[""Dental Exam Gloves"", ""Chloroprene gloves""]",7.49,USD,100 gloves per box,out_of_stock,"Powder-free vinyl exam gloves.

Smooth finish
Beaded cuff
Ambidexterous
Vinyl
White color
100 gloves per box
10 boxes in a case",{},"[""https://www.safcodental.com/media/catalog/product/d/r/drdae.jpg?width=265&height=265&canvas=265,265&optimize=medium&fit=bounds""]",[],[],rules,[],2026-07-01T07:49:10.767894Z
d8232dce4df280b4,https://www.safcodental.com/product/microflex-sup-reg-sup-neopro-sup-reg-sup,Microflex NeoPro,Ansell,DRDAC,Dental Exam Gloves,"[""Dental Exam Gloves"", ""Chloroprene gloves""]",35.49,USD,100 gloves per box,in_stock,"Powder-free chloroprene examination gloves.

Textured whole hand finish
Beaded cuff
Ambidextrous
Chloroprene
Green color
Polymer coated for easy donning
Thickness: at palm 5.1&nbsp; mils; at fingertip 6.7 mils
100 gloves per box
Order 10 boxes&nbsp;to purchase a case",{},"[""https://www.safcodental.com/media/catalog/product/d/r/drdac.jpg?width=265&height=265&canvas=265,265&optimize=medium&fit=bounds""]",[],[],rules,[],2026-07-01T07:49:13.096847Z
56d29dc615c5aa85,https://www.safcodental.com/product/essential-textured,Essential Textured,Quantum,DRBBP,Dental Exam Gloves,"[""Dental Exam Gloves"", ""Latex gloves""]",15.97,USD,100 gloves per box,in_stock,"Essential Textured Powder-free exam gloves are designed to help reduce your sensitivity to latex. All the benefits of the original Essential Powder Free, with the added feature of a textured finish for superior gripping ability. Super stretchy with excellent resistance to tears.

Material: Latex
Powder-free
Thickness: 5.5 mil
Textured fingertips
Fit: Ambidextrous
Length: 9.5""
Color: Off White
Available in 3 Sizes: TPFS&nbsp;small, TPFM&nbsp;medium, TPFL&nbsp;large
Case Pack: 100 gloves per box, 10 boxes per case",{},"[""https://www.safcodental.com/media/catalog/product/d/r/drbbp.jpg?width=265&height=265&canvas=265,265&optimize=medium&fit=bounds""]",[],[],rules,[],2026-07-01T07:49:13.818714Z
34a540cc8d688c2d,https://www.safcodental.com/product/proderm-trade,ProDerm,Innovative Healthcare,DRBBM,Dental Exam Gloves,"[""Dental Exam Gloves"", ""Latex gloves""]",8.99,USD,100 gloves per box,in_stock,"Powder-free latex exam gloves.
Polymer bonded interior for easy donning. Slightly thinner for incredible tactile sensitivity and comfort.

Textured whole hand finish
Beaded cuff
Non-chlorinated
Ambidextrous
White color
100 gloves per box
Order 10 boxes to purchase a case",{},"[""https://www.safcodental.com/media/catalog/product/d/r/drbbm.jpg?width=265&height=265&canvas=265,265&optimize=medium&fit=bounds""]",[],[],rules,[],2026-07-01T07:49:15.822202Z
0bb560322d1e805a,https://www.safcodental.com/product/polymed-reg,Polymed,Ventyv,DRBBL,Dental Exam Gloves,"[""Dental Exam Gloves"", ""Latex gloves""]",6.99,USD,100 gloves per box,in_stock,"Latex powder-free exam gloves.
Multi-layer latex glove that combines the elasticity of latex and the strength of copolymers. Fusion bonding protects against cracking and peeling in normal use.

Textured fingertip finish
Beaded cuff
Polymer coated
Ambidextrous
Natural white color
100 gloves per box
Order 10 boxes&nbsp;to purchase a case",{},"[""https://www.safcodental.com/media/catalog/product/d/r/drbbl.jpg?width=265&height=265&canvas=265,265&optimize=medium&fit=bounds""]",[],[],rules,[],2026-07-01T07:49:17.828886Z
2c8d1a810da07c32,https://www.safcodental.com/product/safco-durasoft-trade-latex-gloves,Safco Durasoft Latex,Safco,DRBBK,Dental Exam Gloves,"[""Dental Exam Gloves"", ""Latex gloves""]",6.99,USD,100 gloves per box,in_stock,"Powder-free latex exam gloves.
Safco&rsquo;s natural latex provides an ultra-soft feel with the&nbsp;quality and value you&rsquo;ve come to expect from Safco products.

Whole-hand micro-textured finish
Beaded cuff
Non-chlorinated
Ambidextrous
50&mu;g or less of latex protein
Natural&nbsp;latex white
100 gloves per box
Order 10 boxes&nbsp;to purchase a case",{},"[""https://www.safcodental.com/media/catalog/product/d/r/drbbk.jpg?width=265&height=265&canvas=265,265&optimize=medium&fit=bounds""]",[],[],rules,[],2026-07-01T07:49:21.099040Z
a1723282832f5e4d,https://www.safcodental.com/product/beesure-reg-latex,BeeSure Latex,EcoBee,DRBBH,Dental Exam Gloves,"[""Dental Exam Gloves"", ""Latex gloves""]",13.49,USD,100 gloves per box,in_stock,"Powder-free latex exam gloves.
Smooth polymer interior coating aids in both moist and dry donning.


Micro-textured whole hand finish
Beaded cuff
Non-chlorinated
Ambidextrous
50&mu;g or less of latex protein
Natural color
Polymer coating for easy donning
100 gloves per box
Order 10 boxes&nbsp;to purchase a case",{},"[""https://www.safcodental.com/media/catalog/product/d/r/drbbh.jpg?width=265&height=265&canvas=265,265&optimize=medium&fit=bounds""]",[],[],rules,[],2026-07-01T07:49:23.288964Z
4f7ff4419096acda,https://www.safcodental.com/product/blossom-reg,Blossom,Mexpo,DRBBE,Dental Exam Gloves,"[""Dental Exam Gloves"", ""Latex gloves""]",8.59,USD,100 gloves per box,in_stock,"Powder-free latex exam gloves.


Textured whole hand finish
Beaded cuff
Non-chlorinated
Ambidextrous
No protein claim
Natural color
Polymer coating for easy donning
100 gloves per box
Order 10 boxes to purchase a case",{},"[""https://www.safcodental.com/media/catalog/product/d/r/drbbe.jpg?width=265&height=265&canvas=265,265&optimize=medium&fit=bounds""]",[],[],rules,[],2026-07-01T07:49:24.919173Z
0261c8c80e5584c2,https://www.safcodental.com/product/aurelia-reg-distinct-reg,Aurelia Distinct,Supermax,DRBBA,Dental Exam Gloves,"[""Dental Exam Gloves"", ""Latex gloves""]",8.99,USD,100 gloves per box,in_stock,"Powder-free latex exam gloves.
&nbsp;
Premium quality.

Honeycomb textured fingertips&nbsp;and palms
Beaded cuff
Non-Chlorinated
Ambidextrous
50&mu;g or less of latex protein
White color
Polymer coated for easy donning
100 gloves per box
Order 10 boxes to purchase a case",{},"[""https://www.safcodental.com/media/catalog/product/d/r/drbba.jpg?width=265&height=265&canvas=265,265&optimize=medium&fit=bounds""]",[],[],rules,[],2026-07-01T07:49:27.104896Z
8fdf3f71164cb803,https://www.safcodental.com/product/vitalgard-reg,VitalGard,Dash,DRBAZ,Dental Exam Gloves,"[""Dental Exam Gloves"", ""Latex gloves""]",12.49,USD,100 gloves per box,in_stock,"Powder-free latex exam gloves.

Textured whole hand finish
Beaded cuff
Non-chlorinated
Ambidextrous
50&mu;g or less of latex protein
Natural color
100 gloves per box
Order 10 boxes&nbsp;to purchase a case",{},"[""https://www.safcodental.com/media/catalog/product/d/r/drbaz.jpg?width=265&height=265&canvas=265,265&optimize=medium&fit=bounds""]",[],[],rules,[],2026-07-01T07:49:28.785215Z
c2c08f2384b0064b,https://www.safcodental.com/product/cyntek-reg,Cyntek,Cranberry,DRBAX,Dental Exam Gloves,"[""Dental Exam Gloves"", ""Latex gloves""]",18.99,USD,100 gloves per box,in_stock,"Powder-free latex exam gloves.
Mild citrus-peppermint scent, and coated with lanolin and Vitamin E to improve skin health.&nbsp;


Textured whole hand finish
Beaded cuff
Non-chlorinated
Ambidextrous
50&mu;g or less of latex protein
Wintergreen color
Vitamin E and lanolin coated
100 gloves per box
Order 10 boxes&nbsp;to purchase a case",{},"[""https://www.safcodental.com/media/catalog/product/d/r/drbax_2.jpg?width=265&height=265&canvas=265,265&optimize=medium&fit=bounds""]",[],[],rules,[],2026-07-01T07:49:31.485269Z
67009a7255239a08,https://www.safcodental.com/product/microflex-reg-comfortgrip-trade,Microflex ComfortGrip,Ansell,DRBAW,Dental Exam Gloves,"[""Dental Exam Gloves"", ""Latex gloves""]",13.49,USD,100 gloves per box,in_stock,"Powder-free latex exam gloves.&nbsp;
Medical grade exam glove.

Textured whole hand finish
Beaded cuff
Chlorinated
Ambidextrous
50&mu;g or less of latex protein
Natural color
Polymer coated for easy donning
100 gloves per box
Order 10 boxes&nbsp;to purchase a case",{},"[""https://www.safcodental.com/media/catalog/product/d/r/drbaw.jpg?width=265&height=265&canvas=265,265&optimize=medium&fit=bounds""]",[],[],rules,[],2026-07-01T07:49:33.282269Z
ab3b84b0f200342c,https://www.safcodental.com/product/pulse-trade-latex,Pulse Latex,Innovative Healthcare,DRBAV,Dental Exam Gloves,"[""Dental Exam Gloves"", ""Latex gloves""]",9.49,USD,100 gloves per box,in_stock,"Powder-free latex exam gloves.
&nbsp;
Finish provides superior gripping ability. Excellent donning properties and comfort.


Textured whole hand finish
Beaded cuff
Chlorinated
Ambidextrous
50&mu;g or less of latex protein
Natural color
100 gloves per box
Order 10 boxes to purchase a case",{},"[""https://www.safcodental.com/media/catalog/product/d/r/drbav.jpg?width=265&height=265&canvas=265,265&optimize=medium&fit=bounds""]",[],[],rules,[],2026-07-01T07:49:35.097785Z
dc877e3cf688ed6a,https://www.safcodental.com/product/micropro-textured,MicroPro Textured,Dash,DRBAT,Dental Exam Gloves,"[""Dental Exam Gloves"", ""Latex gloves""]",12.49,USD,100 gloves per box,in_stock,"Powder-free, form-fitting, latex exam gloves.


Textured whole hand finish
Beaded cuff
Chlorinated
Ambidextrous
50&mu;g or less of latex protein
Natural color
100 gloves per box
Order 10 boxes to purchase a case",{},"[""https://www.safcodental.com/media/catalog/product/d/r/drbat.jpg?width=265&height=265&canvas=265,265&optimize=medium&fit=bounds""]",[],[],rules,[],2026-07-01T07:49:37.106336Z
ab22cda12260c061,https://www.safcodental.com/product/aurelia-reg-vibrant-trade,Aurelia Vibrant,Supermax,DRBAS,Dental Exam Gloves,"[""Dental Exam Gloves"", ""Latex gloves""]",7.99,USD,100 gloves per box,in_stock,"Powder-free latex exam gloves.

Micro-textured finish
Beaded cuff
Chlorinated
Ambidextrous
50&mu;g or less of latex protein
Natural color
100 gloves per box
Order 10 boxes to purchase a case",{},"[""https://www.safcodental.com/media/catalog/product/d/r/drbas.jpg?width=265&height=265&canvas=265,265&optimize=medium&fit=bounds""]",[],[],rules,[],2026-07-01T07:49:38.788928Z
00311821bc69c3d6,https://www.safcodental.com/product/sigma-reg,Sigma,Cranberry,DRBAR,Dental Exam Gloves,"[""Dental Exam Gloves"", ""Latex gloves""]",13.99,USD,100 gloves per box,in_stock,"Powder-free latex exam gloves.



Textured whole hand finish
Beaded cuff
Lightly chlorinated
Ambidextrous
50&micro;g or less of latex protein
Natural color
Polymer coated for easy donning
100 gloves per box
Order 10 boxes to purchase a case",{},"[""https://www.safcodental.com/media/catalog/product/d/r/drbar_2.jpg?width=265&height=265&canvas=265,265&optimize=medium&fit=bounds""]",[],[],rules,[],2026-07-01T07:49:41.094032Z
6a1b671573db254b,https://www.safcodental.com/product/aurelia-reg-refresh-reg,Aurelia Refresh,Supermax,DRBAO,Dental Exam Gloves,"[""Dental Exam Gloves"", ""Latex gloves""]",10.49,USD,100 gloves per box,in_stock,"Powder-free latex exam gloves with a peppermint scent.


Honeycomb textured fingertips and palms
Beaded cuff
Non-Chlorinated
Ambidextrous
50&mu;g or less of latex protein
Green color
Polymer coated for easy donning
100 gloves per box
Order 10 boxes to purchase a case",{},"[""https://www.safcodental.com/media/catalog/product/d/r/drbao.jpg?width=265&height=265&canvas=265,265&optimize=medium&fit=bounds""]",[],[],rules,[],2026-07-01T07:49:43.115067Z
d653c407e0a4228a,https://www.safcodental.com/product/compac-nitrile,Compac Nitrile,Cranberry,DRCDM,Dental Exam Gloves,"[""Dental Exam Gloves"", ""Nitrile gloves""]",8.49,USD,,in_stock,"Compac™ By The Cuff® Nitrile Powder Free Exam Gloves feature innovative dispensing technology designed to reduce cross-contamination, minimize glove waste, and improve operatory efficiency.",{},"[""https://www.safcodental.com/media/catalog/product/c/r/cranberry-compac-nitrile-front-facing-100-box_1.jpg?width=265&height=265&canvas=265,265&optimize=medium&fit=bounds""]",[],[],rules,[],2026-07-01T07:49:43.830421Z
8f667d04d7cc3fe7,https://www.safcodental.com/product/crave-trade,Crave,Cranberry,DRCCA,Dental Exam Gloves,"[""Dental Exam Gloves"", ""Nitrile gloves""]",24.49,USD,200 gloves per box,in_stock,"Powder-free nitrile exam glove with lanolin and Vitamin E.

Textured fingertip finish
Beaded cuff
Non-chlorinated
Ambidextrous
Blue color
Vitamin E and lanolin coated
Thickness: at palm 3.5 mils; at fingertip 3.8 mils
200 gloves per box
Order 10 boxes&nbsp;to purchase a case",{},"[""https://www.safcodental.com/media/catalog/product/d/r/drcca_2.jpg?width=265&height=265&canvas=265,265&optimize=medium&fit=bounds""]",[],[],rules,[],2026-07-01T07:49:45.830592Z
84475b1dd69df52b,https://www.safcodental.com/product/alasta-pro,Alasta Pro,Dash,DRCDK,Dental Exam Gloves,"[""Dental Exam Gloves"", ""Nitrile gloves""]",28.49,USD,,in_stock,"Make glove changes faster and easier with Alasta® PRO nitrile dental exam gloves, featuring innovative Glide Assist™ technology that helps you slide into gloves effortlessly — even with damp hands. Designed for dental professionals, the Soft Fit™ formulation provides a comfortable, form-fitting feel that enhances dexterity during procedures.
The professional medical blue color offers a clean, clinical look that complements any operatory setting. Alasta® PRO gloves are fentanyl-tested and chemo-approved, ensuring trusted protection for use in high-risk or clinical dental environments.
Each box contains 200 premium nitrile gloves, offering exceptional value and efficiency for busy dental practices.",{},"[""https://www.safcodental.com/media/catalog/product/d/r/drcdk.jpg?width=265&height=265&canvas=265,265&optimize=medium&fit=bounds""]",[],[],rules,[],2026-07-01T07:49:47.832131Z
c3e4232d477f98e4,https://www.safcodental.com/product/halyard-black-nitrile,Halyard Black Nitrile,Halyard,DRCDL,Dental Exam Gloves,"[""Dental Exam Gloves"", ""Nitrile gloves""]",9.99,USD,,in_stock,"HALYARD* Black Nitrile Exam Gloves deliver dependable protection and professional performance for dental professionals. Perfect for clinical and hygiene procedures, these nitrile gloves provide excellent tactile sensitivity and a secure grip with textured fingertips for confident instrument handling. The sleek black color conceals stains, maintaining a clean, modern look in any dental setting. Each box contains 100 gloves in a SMARTPULL* Dispenser designed to reduce waste, improve efficiency, and save valuable operatory space.",{},"[""https://www.safcodental.com/media/catalog/product/d/r/drcdl.jpg?width=265&height=265&canvas=265,265&optimize=medium&fit=bounds""]",[],[],rules,[],2026-07-01T07:49:51.303643Z
c902c5c489be4715,https://www.safcodental.com/product/safco-nitrilex-soothe,Safco Nitrilex Soothe,Safco,DRCDJ,Dental Exam Gloves,"[""Dental Exam Gloves"", ""Nitrile gloves""]",15.99,USD,,in_stock,"Powder-free nitrile exam gloves.
Our reliably strong and thin nitrile glove, but now with a colloidal oatmeal coating. This is specifically formulated to lock in moisture, giving your skin a chance to rehydrate from handwashing. Designed to soften your skin and soothe itching, our anti-inflammatory properties make our Safco Nitrilex Soothe perfect for clinicians with dry skin, returning your hands to their natural PH balance.&nbsp;




Made in Malaysia


Textured fingertip finish




Beaded cuff


Non-chlorinated




Ambidextreous


Chemotherapy drug tested per ASTM D6978




Robin Egg Blue color


Moisturizing anti-irritant and anti-inflammatory colloidal oatmeal coated




Thickness: at palm 2.5 mils; at fingertip 3.3 mils




To purchase a full case, please order as qty of 10",{},"[""https://www.safcodental.com/media/catalog/product/d/r/drcdj.jpg?width=265&height=265&canvas=265,265&optimize=medium&fit=bounds""]",[],[],rules,[],2026-07-01T07:49:53.105676Z
921bd6bc69a771de,https://www.safcodental.com/product/black-maxx-sup-reg-sup,Black Maxx,Dash,DRCDI,Dental Exam Gloves,"[""Dental Exam Gloves"", ""Nitrile gloves""]",28.49,USD,,in_stock,"Powder-free nitrile exam gloves.
Proprietary inner coating helps gloves glide on damp hands easily.

Textured fingertip finish
Beaded cuff
Ambidextrous
Black color
Polymer coated
Thickness: at palm 2.8 mils; at fingertip 3.9 mils
Order 10 boxes to purchase a case",{},"[""https://www.safcodental.com/media/catalog/product/d/r/drcdi.jpg?width=265&height=265&canvas=265,265&optimize=medium&fit=bounds""]",[],[],rules,[],2026-07-01T07:49:55.305017Z
6d8025b5b7be3903,https://www.safcodental.com/product/gloveup-sup-reg-sup,GloveUp,Dash,DRCDH,Dental Exam Gloves,"[""Dental Exam Gloves"", ""Nitrile gloves""]",38.49,USD,,in_stock,"Powder-free nitrile exam gloves.

Textured fingertip finish
Beaded cuff
Ambidextrous
Cobalt color
Thickness: at palm 1.9 mils; at fingertip 3.1 mils
Order 10 boxes to purchase a case",{},"[""https://www.safcodental.com/media/catalog/product/d/r/drcdh.jpg?width=265&height=265&canvas=265,265&optimize=medium&fit=bounds""]",[],[],rules,[],2026-07-01T07:49:56.907553Z
1466196750221ec2,https://www.safcodental.com/product/bio-nitrile-sup-reg-sup,Bio Nitrile,Cranberry,DRCDG,Dental Exam Gloves,"[""Dental Exam Gloves"", ""Nitrile gloves""]",29.99,USD,300 gloves per box,in_stock,"BioNitrile gloves are made with advanced biodegradable materials that break down 90% in less than 1.5 years. This reduces permanent waste and means less greenhouse gas emissions.

Textured fingertip finish
Beaded cuff
Ambidextrous
Blue color
Thickness at palm 2.0 mils
Thickness at fingertip 2.2 mils
300 gloves per box (250 size XL)
Order 10 boxes to purchase a case.",{},"[""https://www.safcodental.com/media/catalog/product/d/r/drcdg.jpg?width=265&height=265&canvas=265,265&optimize=medium&fit=bounds""]",[],[],rules,[],2026-07-01T07:49:59.487619Z
3d40ec22ff168f1f,https://www.safcodental.com/product/quantum-blue,Quantum Blue,Quantum,DRCDE,Dental Exam Gloves,"[""Dental Exam Gloves"", ""Nitrile gloves""]",8.59,USD,100 gloves per box,in_stock,"Powder-free nitrile exam gloves.
The soft and stretchy formulation of the Quantum Blue Nitrile Exam Glove provides for an exceptional fit and feel. Nonstick interior makes donning a breeze, even with damp hands. Micro-textured outer surface allows superior gripping of instruments. The super soft and stretchy formulation mimics the fit and feel of latex. Quantum Blue exam gloves are highly puncture and chemical resistant.

Super soft and stretchy
Non-stick inner surface
Fit: Ambidextrous
4.0 MIL thick
Length: 9.5""
Beaded cuff
Micro-textured outer surface
Color: Vibrant blue
Industries: Dental, veterinarian, mortuary, cleaning, tattoo
Case Pack: 100 gloves per box, 10 boxes per case

Formerly called Cobalt Blue",{},"[""https://www.safcodental.com/media/catalog/product/d/r/drcde.jpg?width=265&height=265&canvas=265,265&optimize=medium&fit=bounds""]",[],[],rules,[],2026-07-01T07:50:01.082155Z
862dcca9ce5f6754,https://www.safcodental.com/product/powerform-black,PowerForm Black,SW Safety,DRCDD,Dental Exam Gloves,"[""Dental Exam Gloves"", ""Nitrile gloves""]",16.49,USD,100 gloves per box,in_stock,"Powder-free nitrile exam gloves.
Protect hands and the environment with a biodegradable single-use exam glove that combines performance, durability and tactile sensitivity for critical tasks. EcoTek&reg; Biodegradability Technology accelerates landfill breakdown without any performance loss.&nbsp;

Tear-resistant beaded cuff&nbsp;
Fully textured
Consistent thickness for greater dexterity and tactile sensitivity
Silicone-free for critical environments
Clean processing technology reduces potential skin irritation
Black color
5.0 mil. thickness
1.5 AQL exceeds laboratory standards
100 gloves per box
Order 10 boxes to purchase a case.",{},"[""https://www.safcodental.com/media/catalog/product/d/r/drcdd.jpg?width=265&height=265&canvas=265,265&optimize=medium&fit=bounds""]",[],[],rules,[],2026-07-01T07:50:02.908735Z
01ca7b1dd0eb3c8a,https://www.safcodental.com/product/trueform,TrueForm,SW Safety,DRCDC,Dental Exam Gloves,"[""Dental Exam Gloves"", ""Nitrile gloves""]",12.99,USD,,in_stock,"SW Safety TrueForm Exam Glove TF-95RB 3.1 MIL&nbsp;in&nbsp;Royal Blue. Medical grade glove with textured fingertips and reinforced palm. Perfect for dental, medical applications as well as veterinarian and dairy.&nbsp;",{},"[""https://www.safcodental.com/media/catalog/product/d/r/drcdc.jpg?width=265&height=265&canvas=265,265&optimize=medium&fit=bounds""]",[],[],rules,[],2026-07-01T07:50:03.857473Z
96bf7cfda88f09d9,https://www.safcodental.com/product/microflex-reg-midknight-trade-touch,Microflex MidKnight Touch,Ansell,DRCDB,Dental Exam Gloves,"[""Dental Exam Gloves"", ""Nitrile gloves""]",13.49,USD,100 gloves per box,in_stock,"Powder-free nitrile exam gloves.

ERGOFORM technology reduces muscle strain and improves comfort
Textured fingertip finish
Beaded cuff
Ambidextrous
Black color
Thickness: at palm 2.8 mils; at fingertip 4.3 mils
100 gloves per box
Order 10 boxes to purchase a case",{},"[""https://www.safcodental.com/media/catalog/product/d/r/drcdb.jpg?width=265&height=265&canvas=265,265&optimize=medium&fit=bounds""]",[],[],rules,[],2026-07-01T07:50:07.294566Z
a058b569232d1310,https://www.safcodental.com/product/micro-touch-reg-nitrafree-trade-pink,Micro-Touch NitraFree Pink,Ansell,DRCDA,Dental Exam Gloves,"[""Dental Exam Gloves"", ""Nitrile gloves""]",15.99,USD,100 gloves per box,in_stock,"Powder-free nitrile exam gloves.
Made from a durable and soft nitrile formulation manufactured without chemical accelerators, helping to protect the user from allergies.

Textured fingertip finish
Beaded cuff
Ambidextrous
Pink color
Thickness: at palm 3.1 mils; at fingertip 5.5 mils
100 gloves per box
Order 10 boxes to purchase a case
Tested for use with chemotherapy drugs",{},"[""https://www.safcodental.com/media/catalog/product/d/r/drcda.jpg?width=265&height=265&canvas=265,265&optimize=medium&fit=bounds""]",[],[],rules,[],2026-07-01T07:50:09.121994Z
62c9d48ccbc07149,https://www.safcodental.com/product/micro-touch-reg-nitrafree-trade-blue,Micro-Touch NitraFree Blue,Ansell,DRCCZ,Dental Exam Gloves,"[""Dental Exam Gloves"", ""Nitrile gloves""]",19.99,USD,200 gloves per box,in_stock,"Powder-free nitrile exam gloves.
Comfortable and reliable protection with a low dermatits potential. Made without sulfur-based chemical accelerants for tactility and to help prevent allergic reactions.

Textured fingertip finish
Beaded cuff
Ambidextrous
Blue color
Thickness: at palm 2.8 mils; at fingertip 3.9 mils
200 gloves per box (X-large 180 gloves per box)
Order 10 boxes to purchase a case
Tested for use with chemotherapy drugs",{},"[""https://www.safcodental.com/media/catalog/product/d/r/drccz.jpg?width=265&height=265&canvas=265,265&optimize=medium&fit=bounds""]",[],[],rules,[],2026-07-01T07:50:09.875395Z
ffc4709ac3146abf,https://www.safcodental.com/product/carbon-reg-air,Carbon Air,Cranberry,DRCCY,Dental Exam Gloves,"[""Dental Exam Gloves"", ""Nitrile gloves""]",29.49,USD,300 gloves per box,in_stock,"Powder-free nitrile exam gloves.
Exceptionally strong and flexible formulation prevents tearing, especially while donning.

Textured fingertip finish
Beaded cuff
Ambidextrous
Black
Thickness: at palm 2.0mils; at fingertips 2.7mils
300 gloves per box (250 for x-large)
Order 10 boxes to purchase a case",{},"[""https://www.safcodental.com/media/catalog/product/d/r/drccy_2.jpg?width=265&height=265&canvas=265,265&optimize=medium&fit=bounds""]",[],[],rules,[],2026-07-01T07:50:13.090562Z
3809894ebbc5d24a,https://www.safcodental.com/product/nitriderm-sup-reg-sup-nbsp-nitrile-surgical-gloves,NitriDerm nitrile surgical gloves,Innovative Healthcare,DRECM,Dental Exam Gloves,"[""Dental Exam Gloves"", ""Surgical gloves""]",64.49,USD,,in_stock,"Nitrile powder-free sterile surgical gloves

Textured finish
Beaded cuff
Right/left hand specific
White color
Thickness at fingertips: 7.0 mils
Length: 12""
50 pairs (100 gloves) per box
4 boxes in a case",{},"[""https://www.safcodental.com/media/catalog/product/d/r/drecm.jpg?width=265&height=265&canvas=265,265&optimize=medium&fit=bounds""]",[],[],rules,[],2026-07-01T07:50:13.828364Z
9c010a831f5accf3,https://www.safcodental.com/product/dermassist-sup-reg-sup-latex-surgical-gloves,DermAssist latex surgical gloves,Innovative Healthcare,DRECL,Dental Exam Gloves,"[""Dental Exam Gloves"", ""Surgical gloves""]",44.49,USD,,in_stock,"Latex powder-free sterile surgical gloves

Textured finish
Beaded cuff
Right/left hand specific
Natural latex&nbsp;color
Thickness: at palm 7.5 mils; at fingertips: 8.0 mils
Length: 11.6"" (295mm)
50 pairs (100 gloves)&nbsp;gloves per box
4 boxes in a case",{},"[""https://www.safcodental.com/media/catalog/product/d/r/drecl.jpg?width=265&height=265&canvas=265,265&optimize=medium&fit=bounds""]",[],[],rules,[],2026-07-01T07:50:15.829581Z
c8b3f89193c3588c,https://www.safcodental.com/product/encore-reg-sensi-touch-reg-pf,Encore Sensi-Touch PF,Ansell,DREBH,Dental Exam Gloves,"[""Dental Exam Gloves"", ""Surgical gloves""]",56.49,USD,,in_stock,"Latex powder-free sterile surgical gloves.

Textured finish
Beaded cuff
Right/left hand specific
Polymer coated for fast and easy donning
Natural latex color
50 pairs (100 gloves) per box
4 boxes in a case",{},"[""https://www.safcodental.com/media/catalog/product/d/r/drebh.jpg?width=265&height=265&canvas=265,265&optimize=medium&fit=bounds""]",[],[],rules,[],2026-07-01T07:50:17.831950Z
a24fec624b62db24,https://www.safcodental.com/product/nuvo-trade,Nuvo,Dash,DRuII-lc,Dental Exam Gloves,"[""Dental Exam Gloves"", ""Vinyl gloves""]",7.49,USD,100 gloves per box,in_stock,"Powder-free vinyl examination gloves.
Soft, form fitting gloves designed to retain the superior elongation properties of latex normally absent from vinyl gloves.

Smooth finish
Beaded cuff
Non-chlorinated
Ambidextrous
Gloves are white
Thickness: at palm 3.2 mils; at fingertip 2.3 mils
100 gloves per box
10 boxes in a case",{},"[""https://www.safcodental.com/media/catalog/product/d/r/druii_lc.jpg?width=265&height=265&canvas=265,265&optimize=medium&fit=bounds""]",[],[],rules,[],2026-07-01T07:50:19.845103Z
55de0ce0ff6db184,https://www.safcodental.com/product/wire-glove-box-holder,Wire glove box holder,Unimed,DRvCD-lc,Dental Exam Gloves,"[""Dental Exam Gloves"", ""Glove Holder""]",21.49,USD,,in_stock,"Three size options to hold 2, 3 or 4 glove boxes. 4"" depth can accommodate virtually any size glove box on the market. Steel construction with baked-on white finish. Includes wall mounting hardware.&nbsp;",{},"[""https://www.safcodental.com/media/catalog/product/d/r/drvcd_lc.jpg?width=265&height=265&canvas=265,265&optimize=medium&fit=bounds""]",[],[],rules,[],2026-07-01T07:50:21.831185Z
950273de17de34cf,https://www.safcodental.com/product/safco-surestitch-trade-sutures,Safco SureStitch sutures,Safco,PFEMN,Sutures & Surgical Products,"[""Sutures & surgical products"", ""Sutures""]",30.49,USD,,in_stock,"Extra sharp cutting edges on the needle reduce tissue drag and produce a precise, smooth penetration with minimal trauma. Needle channel is fitted to the specific size of the suture material. Excellent handling and tying characteristics. Reverse cutting.
Plain gut (catgut): Made of first quality raw material, catgut has extremely high tensile strength. Every strand is precision polished to a uniform diameter, permitting smooth and secure knotting.
Chromic gut (catgut): Produced with the same precision and quality materials as plain gut, plus treated with chromic acid salts to decrease tissue reactivity and provide a slower absorption rate.
Black braided silk: Noncapillary silk has excellent handling and tying characteristics. Modern braiding technique provides a uniform smooth surface and a greater tensile strength.Nylon black monofilament: A non-absorbable polyamide suture with characteristic high tensile strength. The uniform smooth surface permits easy passage through tissue.
For Safco SureStitch&trade; Sutures Chart along with additional information,&nbsp;click here.",{},"[""https://www.safcodental.com/media/catalog/product/p/f/pfemn.jpg?width=265&height=265&canvas=265,265&optimize=medium&fit=bounds""]",[],[],rules,[],2026-07-01T07:50:23.842772Z
d785b34e8baefc7f,https://www.safcodental.com/product/myco-medical-reli-reg-pro-sutures,Myco Medical Reli-Pro Sutures,Myco Medical,PFELV,Sutures & Surgical Products,"[""Sutures & surgical products"", ""Sutures""]",8.49,USD,,in_stock,"RELI&reg; PRO&nbsp;sutures from MYCO Medical are premium sterile absorbable and non-absorbable surgical-grade sutures packaged in a new low-memory racetrack tray to improve suture performance
All&nbsp;RELI&reg; PRO sutures include needles made from 300 Series stainless steel for the perfect blend of strength and ductility
RediPass needle coating facilitates smoother needle penetration and reduces tissue dragging
100% in-line manufacturing inspection ensures a smooth and secure needle to suture attachment site

Pure Glide -- Continuous inner lined barrier eliminates any chance for the suture to get caught in gaps
Notched Label -- Medical-grade paper label is notched in place to provide easy product identification and ensurable product integrity
Easy Lift Needle -- The tab, when pressed from behind lifts the needle away from the card for easy removal
Longer Lengths -- Longer suture lengths (up to 36"") are available
Twin Needle Parks -- Securely accommodates and protects all Myco needle configurations",{},"[""https://www.safcodental.com/media/catalog/product/p/f/pfelv.jpg?width=265&height=265&canvas=265,265&optimize=medium&fit=bounds""]",[],[],rules,[],2026-07-01T07:50:25.837537Z
131a837f2e4e34f7,https://www.safcodental.com/product/look-trade-sutures,Look sutures,Surgical Specialties,PFEKR,Sutures & Surgical Products,"[""Sutures & surgical products"", ""Sutures""]",36.99,USD,,in_stock,"Made by Surgical Specialties Corporation, with over 50 years suture manufacturing experience and over 25 years experience making stainless steel suture needles. ISO 9001 approved. All products meet or exceed FDA and QSR requirements and U.S.P. specifications. You get consistently sharp cutting needles plus&nbsp;resistance to bending and breaking. All sizes are reverse cutting.
&nbsp;
For&nbsp;Look Sutures Chart&nbsp;along with additional information,&nbsp;click here.",{},"[""https://www.safcodental.com/media/catalog/product/p/f/pfekr.jpg?width=265&height=265&canvas=265,265&optimize=medium&fit=bounds""]",[],[],rules,[],2026-07-01T07:50:27.854780Z
1f79c6444230287d,https://www.safcodental.com/product/ethicon-sutures,Ethicon sutures,Ethicon,PFEHV,Sutures & Surgical Products,"[""Sutures & surgical products"", ""Sutures""]",125.49,USD,,in_stock,"Ethicon sutures are made of strong, sharp micrograin stainless steel. An exclusive Ethicon process yields the ideal balance between ductility and resistance to bending. Seamless swaging produces a needle diameter that closely matches the diameter&nbsp;of the attached suture. A micro-thin, super-smooth finish allows the needle to&nbsp;penetrate and pass through the tissue with an almost fluid-like flow.
&nbsp;
For&nbsp;Ethicon Sutures Chart along with additional information,&nbsp;click here.",{},"[""https://www.safcodental.com/media/catalog/product/p/f/pfehv.jpg?width=265&height=265&canvas=265,265&optimize=medium&fit=bounds""]",[],[],rules,[],2026-07-01T07:50:33.335718Z
5e7c9b098d639b8d,https://www.safcodental.com/product/perma-sharp-reg-sutures,Perma Sharp sutures,Hu-Friedy,PFEDB,Sutures & Surgical Products,"[""Sutures & surgical products"", ""Sutures""]",73.99,USD,,in_stock,"Suture needles are made from Series 300 Stainless Steel, the ideal alloy for dental sutures. This alloy allows a very fine point geometry, stays sharp throughout the suturing procedure and is less likely to bend and more resistant to breakage. In addition, the needles have a&nbsp;high-polished finish for a smoother penetration.
&nbsp;
For Perma Sharp&reg; Sutures Chart&nbsp;along with additional information,&nbsp;click here.",{},"[""https://www.safcodental.com/media/catalog/product/p/f/pfedb.jpg?width=265&height=265&canvas=265,265&optimize=medium&fit=bounds""]",[],[],rules,[],2026-07-01T07:50:38.139864Z
866f848d9f03a82a,https://www.safcodental.com/product/suture-needles-integra-miltex,Suture needles - Integra Miltex,Integra Miltex,PFHIK,Sutures & Surgical Products,"[""Sutures & surgical products"", ""Suture needles""]",52.49,USD,,in_stock,Miltex Regular Surgeon's Needles.,{},"[""https://www.safcodental.com/media/catalog/product/p/f/pfhik.jpg?width=265&height=265&canvas=265,265&optimize=medium&fit=bounds""]",[],[],rules,[],2026-07-01T07:50:38.204553Z
